Dec,Char,QUAT CODE,QUAT NUCLEOTIDES,,
0,NUL,0000,CGTA,4,
1,SOH,0001,CGTG,4,
2,STX,0002,CGTC,4,
3,ETX,0003,CGTTG,5,
4,EOT,0010,CGCG,4,
5,ENQ,0011,CGCA,4,
6,ACK,0012,CGCT,4,
7,BEL,0013,CGCCG,5,
8,BS,0020,CGAC,4,
9,HT,0021,CGAT,4,
10,LF,0022,CGAG,4,
11,VT,0023,CGAAC,5,
12,FF,0030,CGGTA,5,
13,CR,0031,CGGTG,5,
14,SO,0032,CGGTC,5,
15,SI,0033,CGGTTG,6,
16,DLE,0100,CACG,4,
17,DC1,0101,CACA,4,
18,DC2,0102,CACT,4,
19,DC3,0103,CACCG,5,
20,DC4,0110,CATA,4,
21,NAK,0111,CATG,4,
22,SYN,0112,CATC,4,
23,ETB,0113,CATTG,5,
24,CAN,0120,CAGT,4,
25,EM,0121,CAGC,4,
26,SUB,0122,CAGA,4,
27,ESC,0123,CAGGT,5,
28,FS,0130,CAACG,5,
29,GS,0131,CAACA,5,
30,RS,0132,CAACT,5,
31,US,0133,CAACCG,6,
32,space,0200,CTAC,4,
33,!,0201,CTAT,4,1
34,"""",0202,CTAG,4,1
35,#,0203,CTAAC,5,
36,$,0210,CTGT,4,1
37,%,0211,CTGC,4,1
38,&,0212,CTGA,4,1
39,,0213,CTGGT,5,
40,(,0220,CTCG,4,1
41,),0221,CTCA,4,1
42,*,0222,CTCT,4,1
43,#ERROR!,0223,CTCCG,5,
44,",",0230,CTTGT,5,
45,-,0231,CTTGC,5,
46,.,0232,CTTGA,5,
47,/,0233,CTTGGT,6,
48,0,0300,CCGTA,5,
49,1,0301,CCGTG,5,
50,2,0302,CCGTC,5,
51,3,0303,CCGTTG,6,
52,4,0310,CCGCG,5,
53,5,0311,CCGCA,5,
54,6,0312,CCGCT,5,
55,7,0313,CCGCCG,6,
56,8,0320,CCGAC,5,
57,9,0321,CCGAT,5,
58,:,0322,CCGAG,5,
59,;,0323,CCGAAC,6,
60,<,0330,CCGGTA,6,
61,#ERROR!,0331,CCGGTG,6,
62,>,0332,CCGGTC,6,
63,?,0333,CCGGTTG,7,
64,@,1000,TACG,4,1
65,A,1001,TACA,4,1
66,B,1002,TACT,4,1
67,C,1003,TACCG,5,
68,D,1010,TATA,4,1
69,E,1011,TATG,4,1
70,F,1012,TATC,4,1
71,G,1013,TATTG,5,
72,H,1020,TAGT,4,1
73,I,1021,TAGC,4,1
74,J,1022,TAGA,4,1
75,K,1023,TAGGT,5,
76,L,1030,TAACG,5,
77,M,1031,TAACA,5,
78,N,1032,TAACT,5,
79,O,1033,TAACCG,6,
80,P,1100,TGTA,4,
81,Q,1101,TGTG,4,1
82,R,1102,TGTC,4,1
83,S,1103,TGTTG,5,
84,T,1110,TGCG,4,1
85,U,1111,TGCA,4,1
86,V,1112,TGCT,4,1
87,W,1113,TGCCG,5,
88,X,1120,TGAC,4,1
89,Y,1121,TGAT,4,1
90,Z,1122,TGAG,4,1
91,[,1123,TGAAC,5,
92,\,1130,TGGTA,5,
93,],1131,TGGTG,5,
94,^,1132,TGGTC,5,
95,_,1133,TGGTTG,6,
96,`,1200,TCGT,4,1
97,a,1201,TCGC,4,1
98,b,1202,TCGA,4,1
99,c,1203,TCGGT,5,
100,d,1210,TCAC,4,1
101,e,1211,TCAT,4,1
102,f,1212,TCAG,4,1
103,g,1213,TCAAC,5,
104,h,1220,TCTA,4,1
105,i,1221,TCTG,4,1
106,j,1222,TCTC,4,1
107,k,1223,TCTTG,5,
108,l,1230,TCCGT,5,
109,m,1231,TCCGC,5,
110,n,1232,TCCGA,5,
111,o,1233,TCCGGT,6,
112,p,1300,TTGTA,5,
113,q,1301,TTGTG,5,
114,r,1302,TTGTC,5,
115,s,1303,TTGTTG,6,
116,t,1310,TTGCG,5,
117,u,1311,TTGCA,5,
118,v,1312,TTGCT,5,
119,w,1313,TTGCCG,6,
120,x,1320,TTGAC,5,
121,y,1321,TTGAT,5,
122,z,1322,TTGAG,5,
123,{,1323,TTGAAC,6,
124,|,1330,TTGGTA,6,
125,},1331,TTGGTG,6,
126,~,1332,TTGGTC,6,
127,DEL,1333,TTGGTTG,7,
128,Ç,2000,GTAC,4,1
129,ü,2001,GTAT,4,1
130,é,2002,GTAG,4,1
131,â,2003,GTAAC,5,
132,ä,2010,GTGT,4,1
133,à,2011,GTGC,4,1
134,å,2012,GTGA,4,1
135,ç,2013,GTGGT,5,
136,ê,2020,GTCG,4,1
137,ë,2021,GTCA,4,1
138,è,2022,GTCT,4,1
139,ï,2023,GTCCG,5,
140,î,2030,GTTGT,5,
141,ì,2031,GTTGC,5,
142,Ä,2032,GTTGA,5,
143,Å,2033,GTTGGT,6,
144,É,2100,GCGT,4,1
145,æ,2101,GCGC,4,1
146,Æ,2102,GCGA,4,1
147,ô,2103,GCGGT,5,
148,ö,2110,GCAC,4,1
149,ò,2111,GCAT,4,1
150,û,2112,GCAG,4,1
151,ù,2113,GCAAC,5,
152,ÿ,2120,GCTA,4,1
153,Ö,2121,GCTG,4,1
154,Ü,2122,GCTC,4,1
155,¢,2123,GCTTG,5,
156,£,2130,GCCGT,5,
157,¥,2131,GCCGC,5,
158,?,2132,GCCGA,5,
159,ƒ,2133,GCCGGT,6,
160,á,2200,GACG,4,1
161,í,2201,GACA,4,1
162,ó,2202,GACT,4,1
163,ú,2203,GACCG,5,
164,ñ,2210,GATA,4,1
165,Ñ,2211,GATG,4,1
166,ª,2212,GATC,4,1
167,º,2213,GATTG,5,
168,¿,2220,GAGT,4,1
169,?,2221,GAGC,4,1
170,¬,2222,GAGA,4,1
171,½,2223,GAGGT,5,
172,¼,2230,GAACG,5,
173,¡,2231,GAACA,5,
174,«,2232,GAACT,5,
175,»,2233,GAACCG,6,
176,?,2300,GGTAC,5,
177,?,2301,GGTAT,5,
178,?,2302,GGTAG,5,
179,?,2303,GGTAAC,6,
180,?,2310,GGTGT,5,
181,?,2311,GGTGC,5,
182,?,2312,GGTGA,5,
183,?,2313,GGTGGT,6,
184,?,2320,GGTCG,5,
185,?,2321,GGTCA,5,
186,?,2322,GGTCT,5,
187,?,2323,GGTCCG,6,
188,?,2330,GGTTGT,6,
189,?,2331,GGTTGC,6,
190,?,2332,GGTTGA,6,
191,?,2333,GGTTGGT,7,
192,?,3000,ACGTA,5,
193,?,3001,ACGTG,5,
194,?,3002,ACGTC,5,
195,?,3003,ACGTTG,6,
196,?,3010,ACGCG,5,
197,?,3011,ACGCA,5,
198,?,3012,ACGCT,5,
199,?,3013,ACGCCG,6,
200,?,3020,ACGAC,5,
201,?,3021,ACGAT,5,
202,?,3022,ACGAG,5,
203,?,3023,ACGAAC,6,
204,?,3030,ACGGTA,6,
205,?,3031,ACGGTG,6,
206,?,3032,ACGGTC,6,
207,?,3033,ACGGTTG,7,
208,?,3100,ACACG,5,
209,?,3101,ACACA,5,
210,?,3102,ACACT,5,
211,?,3103,ACACCG,6,
212,?,3110,ACATA,5,
213,?,3111,ACATG,5,
214,?,3112,ACATC,5,
215,?,3113,ACATTG,6,
216,?,3120,ACAGT,5,
217,?,3121,ACAGC,5,
218,?,3122,ACAGA,5,
219,?,3123,ACAGGT,6,
220,?,3130,ACAACG,6,
221,?,3131,ACAACA,6,
222,?,3132,ACAACT,6,
223,?,3133,ACAACCG,7,
224,?,3200,ACTAC,5,
225,ß,3201,ACTAT,5,
226,?,3202,ACTAG,5,
227,?,3203,ACTAAC,6,
228,?,3210,ACTGT,5,
229,?,3211,ACTGC,5,
230,µ,3212,ACTGA,5,
231,?,3213,ACTGGT,6,
232,?,3220,ACTCG,5,
233,?,3221,ACTCA,5,
234,?,3222,ACTCT,5,
235,?,3223,ACTCCG,6,
236,?,3230,ACTTGT,6,
237,?,3231,ACTTGC,6,
238,?,3232,ACTTGA,6,
239,?,3233,ACTTGGT,7,
240,?,3300,ACCGTA,6,
241,±,3301,ACCGTG,6,
242,?,3302,ACCGTC,6,
243,?,3303,ACCGTTG,7,
244,?,3310,ACCGCG,6,
245,?,3311,ACCGCA,6,
246,÷,3312,ACCGCT,6,
247,?,3313,ACCGCCG,7,
248,°,3320,ACCGAC,6,
249,?,3321,ACCGAT,6,
250,·,3322,ACCGAG,6,
251,?,3323,ACCGAAC,7,
252,?,3330,ACCGGTA,7,
253,²,3331,ACCGGTG,7,
254,?,3332,ACCGGTC,7,
255,,3333,ACCGGTTG,8,
